name,email,company,job_title,message
Sarah Johnson,sarah@brighttech.io,BrightTech,Head of Operations,We need to automate our entire onboarding workflow asap. Currently doing everything manually and it's killing our team's productivity.
James Carter,james@scalepro.com,ScalePro,CEO,Looking for automation tools to help us scale. We're evaluating options this week and need something fast.
Priya Nair,priya@cloudnest.ai,CloudNest,VP of Engineering,Our deployment pipeline is broken and we need a solution urgently. Team of 50 engineers blocked.
Mohammed Al Farsi,m.farsi@finedge.ae,FinEdge,CTO,We are currently evaluating AI tools for our finance operations. Budget approved. Need demo ASAP.
Lisa Wong,lisa@retailmax.com,RetailMax,Marketing Manager,Interested in your product. Can you send more info?
David Smith,david@techwave.io,TechWave,Software Engineer,Just browsing to see what's available.
Emma Davis,emma@healthplus.com,HealthPlus,Director of Operations,We need to automate patient onboarding. Compliance is critical. Team of 200. Decision by end of month.
Carlos Rivera,carlos@growthly.co,Growthly,Growth Lead,We're scaling fast and need automation tools. Currently evaluating 3 vendors this week.
Aisha Patel,aisha@smartops.io,SmartOps,COO,Our ops team is overwhelmed. We need AI automation immediately. Board approved budget last week.
Tom Baker,tom@genericmail.com,Unknown Co,Intern,Hey just checking this out for a school project.
Fatima Hassan,fatima@logistix.ae,Logistix,VP of Logistics,We manage 500 shipments daily and need automation. Currently using spreadsheets. Urgent need.
Ryan Lee,ryan@devstudio.io,DevStudio,CTO,Building internal tools and exploring AI APIs. No immediate need but interested long term.
Nina Kowalski,nina@ecomboost.pl,EcomBoost,Head of E-commerce,Our order processing is manual and slow. We need a solution before the holiday season. Deadline in 6 weeks.
Omar Shaikh,omar@fintechrise.com,FintechRise,CEO,We raised Series A last month. Now scaling operations. Need AI tools to automate compliance reporting.
Grace Kim,grace@mediahub.com,MediaHub,Content Manager,Looking for tools to help with content scheduling. Not urgent.
Alex Turner,alex@saasbuilder.io,SaaSBuilder,Founder,We're a early stage startup. No budget yet but very interested in what you offer.
Zara Ahmed,zara@retailedge.ae,RetailEdge,Director of Technology,We have 50 retail stores and need to automate inventory management. Budget is ready. Need this quarter.
Ben Wilson,ben@randommail.com,Freelancer,Freelancer,Just curious about AI tools.
Isabella Moore,isabella@hrtech.com,HRTech,VP of Product,We are replacing our legacy HR system. Need AI-powered candidate screening. Evaluating now with a team of 5.
Kevin Zhang,kevin@datapipe.io,DataPipe,Head of Data,Our data pipeline breaks every week. We need a robust automation solution. This is costing us $50k/month.
Sophie Martin,sophie@fashionco.fr,FashionCo,Operations Manager,We need help automating our supply chain. Mid size company. Not super urgent but exploring options.
Daniel Brown,daniel@cyberguard.io,CyberGuard,CISO,We need AI tools for security threat detection. Compliance deadline in 30 days. Team of 300.
Mei Lin,mei@edutech.sg,EduTech,CEO,We serve 100k students and need to automate admin tasks. Seed funded. Decision this month.
Jack Harris,jack@spammy.net,SpamCo,Unknown,Hi I want free trial please send me info thanks
Layla Mahmoud,layla@proptech.ae,PropTech,COO,Managing 2000 properties manually. Need automation urgently. Board meeting in 2 weeks to decide vendor.